train_acc,train_loss,val_acc,val_loss
0.009305263157894737,4.612223,0.0116,4.606663
0.008989473684210528,4.6068664,0.0064,4.6062984
